sequence_id,a1_timestamp,a2_timestamp
12,1754390819366,1754390819367
13,1754390819376,1754390819377
14,1754390819386,1754390819387
15,1754390819396,1754390819397
16,1754390819406,1754390819407
17,1754390819416,1754390819417
18,1754390819426,1754390819427
19,1754390819436,1754390819436
20,1754390819446,1754390819447
21,1754390819456,1754390819456
22,1754390819466,1754390819466
23,1754390819476,1754390819477
24,1754390819486,1754390819487
25,1754390819496,1754390819497
26,1754390819506,1754390819507
27,1754390819516,1754390819517
28,1754390819526,1754390819527
29,1754390819536,1754390819537
30,1754390819546,1754390819547
31,1754390819556,1754390819557
32,1754390819566,1754390819567
33,1754390819576,1754390819577
34,1754390819586,1754390819587
35,1754390819596,1754390819597
36,1754390819606,1754390819607
37,1754390819616,1754390819617
38,1754390819626,1754390819627
39,1754390819636,1754390819637
40,1754390819646,1754390819647
41,1754390819656,1754390819657
42,1754390819666,1754390819667
43,1754390819676,1754390819677
44,1754390819686,1754390819687
45,1754390819696,1754390819697
46,1754390819706,1754390819707
47,1754390819716,1754390819717
48,1754390819726,1754390819727
49,1754390819736,1754390819737
50,1754390819746,1754390819747
51,1754390819756,1754390819757
52,1754390819766,1754390819767
53,1754390819776,1754390819777
54,1754390819786,1754390819787
55,1754390819796,1754390819797
56,1754390819806,1754390819807
57,1754390819816,1754390819817
58,1754390819826,1754390819827
59,1754390819836,1754390819837
60,1754390819846,1754390819847
61,1754390819856,1754390819857
62,1754390819866,1754390819867
63,1754390819876,1754390819877
64,1754390819886,1754390819887
65,1754390819896,1754390819897
66,1754390819906,1754390819907
67,1754390819916,1754390819917
68,1754390819926,1754390819927
69,1754390819936,1754390819937
70,1754390819946,1754390819947
71,1754390819956,1754390819957
72,1754390819966,1754390819967
73,1754390819976,1754390819977
74,1754390819986,1754390819987
75,1754390819996,1754390819997
76,1754390820006,1754390820007
77,1754390820016,1754390820017
78,1754390820026,1754390820027
79,1754390820036,1754390820037
80,1754390820046,1754390820047
81,1754390820056,1754390820057
82,1754390820066,1754390820067
83,1754390820076,1754390820077
84,1754390820086,1754390820087
85,1754390820096,1754390820097
86,1754390820106,1754390820107
87,1754390820116,1754390820117
88,1754390820126,1754390820127
89,1754390820136,1754390820137
90,1754390820146,1754390820147
91,1754390820156,1754390820157
92,1754390820166,1754390820167
93,1754390820176,1754390820177
94,1754390820186,1754390820187
95,1754390820196,1754390820197
96,1754390820206,1754390820207
97,1754390820216,1754390820217
98,1754390820226,1754390820227
99,1754390820236,1754390820237
100,1754390820246,1754390820247
101,1754390820256,1754390820257
102,1754390820266,1754390820267
103,1754390820276,1754390820277
104,1754390820286,1754390820287
105,1754390820296,1754390820297
106,1754390820306,1754390820307
107,1754390820316,1754390820317
108,1754390820326,1754390820327
109,1754390820336,1754390820337
110,1754390820347,1754390820347
111,1754390820357,1754390820357
112,1754390820367,1754390820367
113,1754390820377,1754390820377
114,1754390820387,1754390820387
115,1754390820397,1754390820397
116,1754390820407,1754390820407
117,1754390820417,1754390820417
118,1754390820427,1754390820427
119,1754390820437,1754390820437
120,1754390820447,1754390820447
121,1754390820457,1754390820457
122,1754390820467,1754390820467
123,1754390820477,1754390820477
124,1754390820487,1754390820487
125,1754390820497,1754390820497
126,1754390820507,1754390820507
127,1754390820517,1754390820517
128,1754390820527,1754390820527
129,1754390820537,1754390820537
130,1754390820547,1754390820547
131,1754390820557,1754390820557
132,1754390820567,1754390820567
133,1754390820577,1754390820577
134,1754390820587,1754390820587
135,1754390820597,1754390820597
136,1754390820607,1754390820607
137,1754390820617,1754390820617
138,1754390820627,1754390820627
139,1754390820637,1754390820637
140,1754390820647,1754390820647
141,1754390820657,1754390820657
142,1754390820667,1754390820667
143,1754390820677,1754390820677
144,1754390820687,1754390820687
145,1754390820697,1754390820697
146,1754390820707,1754390820707
147,1754390820717,1754390820717
148,1754390820727,1754390820727
149,1754390820737,1754390820737
150,1754390820747,1754390820747
151,1754390820757,1754390820757
152,1754390820767,1754390820767
153,1754390820777,1754390820777
154,1754390820787,1754390820787
155,1754390820797,1754390820797
156,1754390820807,1754390820807
157,1754390820817,1754390820817
158,1754390820827,1754390820827
159,1754390820837,1754390820837
160,1754390820847,1754390820847
161,1754390820857,1754390820857
162,1754390820867,1754390820867
163,1754390820877,1754390820877
164,1754390820887,1754390820887
165,1754390820897,1754390820897
166,1754390820907,1754390820907
167,1754390820917,1754390820917
168,1754390820927,1754390820927
169,1754390820937,1754390820937
170,1754390820947,1754390820947
171,1754390820957,1754390820957
172,1754390820967,1754390820967
173,1754390820977,1754390820977
174,1754390820987,1754390820987
175,1754390820997,1754390820997
176,1754390821007,1754390821007
177,1754390821017,1754390821017
178,1754390821027,1754390821027
179,1754390821037,1754390821037
180,1754390821047,1754390821047
181,1754390821057,1754390821057
182,1754390821067,1754390821067
183,1754390821077,1754390821077
184,1754390821087,1754390821087
185,1754390821097,1754390821097
186,1754390821107,1754390821107
187,1754390821117,1754390821117
188,1754390821127,1754390821127
189,1754390821137,1754390821137
190,1754390821147,1754390821147
191,1754390821157,1754390821157
192,1754390821167,1754390821167
193,1754390821177,1754390821177
194,1754390821187,1754390821187
195,1754390821197,1754390821197
196,1754390821207,1754390821207
197,1754390821217,1754390821217
198,1754390821227,1754390821227
199,1754390821237,1754390821237
200,1754390821247,1754390821247
201,1754390821257,1754390821257
202,1754390821267,1754390821267
203,1754390821277,1754390821277
204,1754390821287,1754390821287
205,1754390821297,1754390821297
206,1754390821307,1754390821307
207,1754390821317,1754390821317
208,1754390821327,1754390821327
209,1754390821337,1754390821337
210,1754390821347,1754390821347
211,1754390821357,1754390821357
212,1754390821367,1754390821367
213,1754390821377,1754390821377
214,1754390821387,1754390821387
215,1754390821397,1754390821397
216,1754390821407,1754390821407
217,1754390821417,1754390821417
218,1754390821427,1754390821427
219,1754390821437,1754390821437
220,1754390821447,1754390821447
221,1754390821457,1754390821457
222,1754390821467,1754390821467
223,1754390821477,1754390821477
224,1754390821487,1754390821487
225,1754390821497,1754390821497
226,1754390821507,1754390821507
227,1754390821517,1754390821517
228,1754390821527,1754390821527
229,1754390821537,1754390821537
230,1754390821547,1754390821547
231,1754390821557,1754390821557
232,1754390821567,1754390821567
233,1754390821577,1754390821577
234,1754390821587,1754390821587
235,1754390821597,1754390821597
236,1754390821607,1754390821607
237,1754390821617,1754390821617
238,1754390821627,1754390821627
239,1754390821637,1754390821637
240,1754390821647,1754390821647
241,1754390821657,1754390821657
242,1754390821667,1754390821667
243,1754390821677,1754390821677
244,1754390821687,1754390821687
245,1754390821697,1754390821697
246,1754390821707,1754390821707
247,1754390821717,1754390821717
248,1754390821727,1754390821727
249,1754390821737,1754390821737
250,1754390821747,1754390821747
251,1754390821757,1754390821757
252,1754390821767,1754390821767
253,1754390821777,1754390821777
254,1754390821787,1754390821787
255,1754390821797,1754390821797
256,1754390821807,1754390821807
257,1754390821817,1754390821817
258,1754390821827,1754390821827
259,1754390821837,1754390821837
260,1754390821847,1754390821847
261,1754390821857,1754390821857
262,1754390821867,1754390821867
263,1754390821877,1754390821877
264,1754390821887,1754390821887
265,1754390821897,1754390821897
266,1754390821907,1754390821907
267,1754390821917,1754390821917
268,1754390821927,1754390821927
269,1754390821937,1754390821937
270,1754390821947,1754390821947
271,1754390821957,1754390821957
272,1754390821967,1754390821967
273,1754390821977,1754390821977
274,1754390821987,1754390821987
275,1754390821997,1754390821997
276,1754390822007,1754390822007
277,1754390822017,1754390822017
278,1754390822027,1754390822027
279,1754390822037,1754390822037
280,1754390822047,1754390822047
281,1754390822057,1754390822057
282,1754390822067,1754390822067
283,1754390822077,1754390822077
284,1754390822087,1754390822087
285,1754390822097,1754390822097
286,1754390822107,1754390822107
287,1754390822117,1754390822117
288,1754390822127,1754390822127
289,1754390822137,1754390822137
290,1754390822147,1754390822147
291,1754390822157,1754390822157
292,1754390822167,1754390822167
293,1754390822177,1754390822177
294,1754390822187,1754390822187
295,1754390822197,1754390822197
296,1754390822207,1754390822207
297,1754390822217,1754390822217
298,1754390822227,1754390822227
299,1754390822237,1754390822237
300,1754390822247,1754390822247
301,1754390822257,1754390822257
302,1754390822267,1754390822267
303,1754390822277,1754390822277
304,1754390822287,1754390822287
305,1754390822297,1754390822297
306,1754390822307,1754390822307
307,1754390822317,1754390822317
308,1754390822327,1754390822327
309,1754390822337,1754390822337
310,1754390822347,1754390822347
311,1754390822357,1754390822357
312,1754390822367,1754390822367
313,1754390822377,1754390822377
314,1754390822387,1754390822387
315,1754390822397,1754390822397
316,1754390822407,1754390822407
317,1754390822417,1754390822417
318,1754390822427,1754390822427
319,1754390822437,1754390822437
320,1754390822447,1754390822447
321,1754390822457,1754390822457
322,1754390822467,1754390822467
323,1754390822477,1754390822477
324,1754390822487,1754390822487
325,1754390822497,1754390822497
326,1754390822507,1754390822507
327,1754390822517,1754390822517
328,1754390822527,1754390822527
329,1754390822537,1754390822537
330,1754390822547,1754390822547
331,1754390822557,1754390822557
332,1754390822567,1754390822567
333,1754390822577,1754390822577
334,1754390822587,1754390822587
335,1754390822597,1754390822597
336,1754390822607,1754390822607
337,1754390822617,1754390822617
338,1754390822627,1754390822627
339,1754390822637,1754390822637
340,1754390822647,1754390822647
341,1754390822657,1754390822657
342,1754390822667,1754390822667
343,1754390822677,1754390822677
344,1754390822687,1754390822687
345,1754390822697,1754390822697
346,1754390822707,1754390822707
347,1754390822717,1754390822717
348,1754390822727,1754390822727
349,1754390822737,1754390822737
350,1754390822747,1754390822747
351,1754390822757,1754390822757
352,1754390822767,1754390822767
353,1754390822777,1754390822777
354,1754390822787,1754390822787
355,1754390822797,1754390822797
356,1754390822807,1754390822807
357,1754390822817,1754390822817
358,1754390822827,1754390822827
359,1754390822837,1754390822837
360,1754390822847,1754390822847
361,1754390822857,1754390822857
362,1754390822867,1754390822867
363,1754390822877,1754390822877
364,1754390822887,1754390822887
365,1754390822897,1754390822897
366,1754390822907,1754390822907
367,1754390822917,1754390822917
368,1754390822927,1754390822927
369,1754390822937,1754390822937
370,1754390822947,1754390822947
371,1754390822957,1754390822957
372,1754390822967,1754390822967
373,1754390822977,1754390822977
374,1754390822987,1754390822987
375,1754390822997,1754390822997
376,1754390823007,1754390823007
377,1754390823017,1754390823017
378,1754390823027,1754390823027
379,1754390823037,1754390823037
380,1754390823047,1754390823047
381,1754390823057,1754390823057
382,1754390823067,1754390823067
383,1754390823077,1754390823077
384,1754390823087,1754390823087
385,1754390823097,1754390823097
386,1754390823107,1754390823107
387,1754390823117,1754390823117
388,1754390823127,1754390823127
389,1754390823137,1754390823137
390,1754390823147,1754390823147
391,1754390823157,1754390823157
392,1754390823167,1754390823167
393,1754390823177,1754390823177
394,1754390823187,1754390823187
395,1754390823197,1754390823197
396,1754390823207,1754390823207
397,1754390823217,1754390823217
398,1754390823227,1754390823227
399,1754390823237,1754390823237
400,1754390823247,1754390823247
401,1754390823257,1754390823257
402,1754390823267,1754390823267
403,1754390823277,1754390823277
404,1754390823287,1754390823287
405,1754390823297,1754390823297
406,1754390823307,1754390823307
407,1754390823317,1754390823317
408,1754390823327,1754390823327
409,1754390823337,1754390823337
410,1754390823347,1754390823347
411,1754390823357,1754390823357
412,1754390823367,1754390823367
413,1754390823377,1754390823377
414,1754390823387,1754390823387
415,1754390823397,1754390823397
416,1754390823407,1754390823407
417,1754390823417,1754390823417
418,1754390823427,1754390823427
419,1754390823437,1754390823437
420,1754390823447,1754390823447
421,1754390823457,1754390823457
422,1754390823467,1754390823467
423,1754390823477,1754390823477
424,1754390823487,1754390823487
425,1754390823497,1754390823497
426,1754390823507,1754390823507
427,1754390823517,1754390823517
428,1754390823527,1754390823527
429,1754390823537,1754390823537
430,1754390823547,1754390823547
431,1754390823557,1754390823557
432,1754390823567,1754390823567
433,1754390823577,1754390823577
434,1754390823587,1754390823587
435,1754390823597,1754390823597
436,1754390823607,1754390823607
437,1754390823617,1754390823617
438,1754390823627,1754390823627
439,1754390823637,1754390823637
440,1754390823647,1754390823647
441,1754390823657,1754390823657
442,1754390823667,1754390823667
443,1754390823677,1754390823677
444,1754390823687,1754390823687
