sequence_id,a1_timestamp
1,1753959644296
2,1753959644306
3,1753959644316
4,1753959644327
5,1753959644337
6,1753959644347
7,1753959644358
8,1753959644368
9,1753959644379
10,1753959644389
11,1753959644399
12,1753959644409
13,1753959644420
14,1753959644430
15,1753959644440
16,1753959644451
17,1753959644461
18,1753959644471
19,1753959644482
20,1753959644492
21,1753959644502
22,1753959644512
23,1753959644523
24,1753959644533
25,1753959644543
26,1753959644553
27,1753959644563
28,1753959644573
29,1753959644584
30,1753959644594
31,1753959644604
32,1753959644615
33,1753959644625
34,1753959644635
35,1753959644645
36,1753959644656
37,1753959644666
38,1753959644677
39,1753959644687
40,1753959644697
41,1753959644707
42,1753959644718
43,1753959644728
44,1753959644738
45,1753959644748
46,1753959644759
47,1753959644769
48,1753959644780
49,1753959644790
50,1753959644800
51,1753959644811
52,1753959644821
53,1753959644831
54,1753959644841
55,1753959644851
56,1753959644862
57,1753959644872
58,1753959644882
59,1753959644893
60,1753959644903
61,1753959644913
62,1753959644924
63,1753959644934
64,1753959644945
65,1753959644955
66,1753959644966
67,1753959644976
68,1753959644986
69,1753959644996
70,1753959645007
71,1753959645017
72,1753959645027
73,1753959645038
74,1753959645048
75,1753959645058
76,1753959645068
77,1753959645078
78,1753959645089
79,1753959645099
80,1753959645109
81,1753959645119
82,1753959645129
83,1753959645140
84,1753959645150
85,1753959645160
86,1753959645170
87,1753959645181
88,1753959645191
89,1753959645201
90,1753959645211
91,1753959645222
92,1753959645232
93,1753959645242
94,1753959645252
95,1753959645263
96,1753959645273
97,1753959645283
98,1753959645294
99,1753959645304
100,1753959645315
101,1753959645325
102,1753959645335
103,1753959645345
104,1753959645356
105,1753959645366
106,1753959645376
107,1753959645386
108,1753959645397
109,1753959645407
110,1753959645417
111,1753959645427
112,1753959645437
113,1753959645448
114,1753959645458
115,1753959645468
116,1753959645479
117,1753959645490
118,1753959645500
119,1753959645510
120,1753959645521
121,1753959645531
122,1753959645541
123,1753959645551
124,1753959645562
125,1753959645572
126,1753959645582
127,1753959645593
128,1753959645603
129,1753959645613
130,1753959645623
131,1753959645633
132,1753959645644
133,1753959645654
134,1753959645664
135,1753959645675
136,1753959645685
137,1753959645696
138,1753959645706
139,1753959645716
140,1753959645726
141,1753959645736
142,1753959645747
143,1753959645757
144,1753959645767
145,1753959645778
146,1753959645788
147,1753959645798
148,1753959645808
149,1753959645819
150,1753959645829
151,1753959645839
152,1753959645850
153,1753959645860
154,1753959645870
155,1753959645881
156,1753959645891
157,1753959645902
158,1753959645912
159,1753959645922
160,1753959645933
161,1753959645943
162,1753959645953
163,1753959645963
164,1753959645974
165,1753959645984
166,1753959645994
167,1753959646004
168,1753959646014
169,1753959646025
170,1753959646035
171,1753959646045
172,1753959646056
173,1753959646066
174,1753959646076
175,1753959646087
176,1753959646097
177,1753959646107
178,1753959646118
179,1753959646128
180,1753959646138
181,1753959646148
182,1753959646159
183,1753959646169
184,1753959646179
185,1753959646190
186,1753959646200
187,1753959646210
188,1753959646220
189,1753959646231
190,1753959646241
191,1753959646251
192,1753959646261
193,1753959646271
194,1753959646282
195,1753959646292
196,1753959646302
197,1753959646312
198,1753959646323
199,1753959646333
200,1753959646344
201,1753959646354
202,1753959646364
203,1753959646374
204,1753959646385
205,1753959646395
206,1753959646405
207,1753959646415
208,1753959646425
209,1753959646436
210,1753959646446
211,1753959646457
212,1753959646467
213,1753959646477
214,1753959646487
215,1753959646498
216,1753959646508
217,1753959646518
218,1753959646529
219,1753959646539
220,1753959646549
221,1753959646559
222,1753959646570
223,1753959646580
224,1753959646590
225,1753959646601
226,1753959646611
227,1753959646621
228,1753959646631
229,1753959646641
230,1753959646652
231,1753959646662
232,1753959646672
233,1753959646683
234,1753959646693
235,1753959646703
236,1753959646713
237,1753959646723
238,1753959646734
239,1753959646744
240,1753959646754
241,1753959646764
242,1753959646775
243,1753959646785
244,1753959646795
245,1753959646806
246,1753959646816
247,1753959646826
248,1753959646836
249,1753959646846
250,1753959646857
251,1753959646867
252,1753959646877
253,1753959646888
254,1753959646898
255,1753959646908
256,1753959646919
257,1753959646929
258,1753959646939
259,1753959646950
260,1753959646960
261,1753959646971
262,1753959646981
263,1753959646991
264,1753959647001
265,1753959647012
266,1753959647022
267,1753959647033
268,1753959647043
269,1753959647053
270,1753959647064
271,1753959647074
272,1753959647085
273,1753959647096
274,1753959647106
275,1753959647116
276,1753959647126
277,1753959647136
278,1753959647147
279,1753959647157
280,1753959647167
281,1753959647177
282,1753959647187
283,1753959647198
284,1753959647208
285,1753959647218
286,1753959647228
287,1753959647238
288,1753959647249
289,1753959647259
290,1753959647269
291,1753959647280
292,1753959647290
293,1753959647300
294,1753959647310
295,1753959647321
296,1753959647331
297,1753959647342
298,1753959647352
299,1753959647362
300,1753959647372
301,1753959647383
302,1753959647393
303,1753959647403
304,1753959647414
305,1753959647424
306,1753959647434
307,1753959647444
308,1753959647454
309,1753959647465
310,1753959647475
311,1753959647485
312,1753959647496
313,1753959647506
314,1753959647516
315,1753959647526
316,1753959647537
317,1753959647547
318,1753959647557
319,1753959647568
320,1753959647578
321,1753959647588
322,1753959647599
323,1753959647610
324,1753959647620
325,1753959647630
326,1753959647640
327,1753959647651
328,1753959647661
329,1753959647671
330,1753959647681
331,1753959647692
332,1753959647702
333,1753959647712
334,1753959647723
335,1753959647733
336,1753959647743
337,1753959647753
338,1753959647763
339,1753959647774
340,1753959647784
341,1753959647794
342,1753959647804
343,1753959647815
344,1753959647825
345,1753959647835
346,1753959647845
347,1753959647856
348,1753959647866
349,1753959647876
350,1753959647887
351,1753959647897
352,1753959647907
353,1753959647917
354,1753959647928
355,1753959647939
356,1753959647949
357,1753959647959
358,1753959647969
359,1753959647979
360,1753959647990
361,1753959648000
362,1753959648010
363,1753959648021
364,1753959648031
365,1753959648041
366,1753959648052
367,1753959648062
368,1753959648072
369,1753959648082
370,1753959648092
371,1753959648103
372,1753959648113
373,1753959648123
374,1753959648133
375,1753959648144
376,1753959648154
377,1753959648165
378,1753959648175
379,1753959648186
380,1753959648196
381,1753959648206
382,1753959648216
383,1753959648227
384,1753959648237
385,1753959648247
386,1753959648257
387,1753959648268
388,1753959648278
389,1753959648289
390,1753959648299
391,1753959648309
392,1753959648320
393,1753959648330
394,1753959648341
395,1753959648351
396,1753959648362
397,1753959648372
398,1753959648383
399,1753959648393
400,1753959648403
401,1753959648414
402,1753959648424
403,1753959648434
404,1753959648444
405,1753959648455
406,1753959648465
407,1753959648475
408,1753959648486
409,1753959648496
410,1753959648506
411,1753959648517
412,1753959648527
413,1753959648537
414,1753959648548
415,1753959648558
416,1753959648568
417,1753959648580
418,1753959648590
419,1753959648601
420,1753959648611
421,1753959648621
422,1753959648631
423,1753959648644
424,1753959648654
425,1753959648664
426,1753959648675
427,1753959648685
428,1753959648696
429,1753959648706
430,1753959648716
431,1753959648726
432,1753959648737
433,1753959648747
434,1753959648758
435,1753959648768
436,1753959648778
437,1753959648789
438,1753959648799
439,1753959648809
440,1753959648819
441,1753959648830
442,1753959648840
443,1753959648850
444,1753959648860
445,1753959648870
446,1753959648881
447,1753959648891
448,1753959648902
449,1753959648912
450,1753959648922
451,1753959648933
452,1753959648943
453,1753959648954
454,1753959648964
455,1753959648974
456,1753959648984
457,1753959648995
458,1753959649005
459,1753959649015
460,1753959649025
461,1753959649036
462,1753959649046
463,1753959649056
464,1753959649067
465,1753959649077
466,1753959649088
467,1753959649098
468,1753959649108
469,1753959649119
470,1753959649129
471,1753959649139
472,1753959649150
473,1753959649160
474,1753959649172
475,1753959649182
476,1753959649192
477,1753959649203
478,1753959649213
479,1753959649223
480,1753959649233
481,1753959649244
482,1753959649254
483,1753959649264
484,1753959649275
485,1753959649285
486,1753959649295
487,1753959649306
488,1753959649316
489,1753959649326
490,1753959649337
491,1753959649347
492,1753959649357
493,1753959649368
494,1753959649378
495,1753959649388
496,1753959649398
497,1753959649409
498,1753959649419
499,1753959649429
500,1753959649439
501,1753959649450
502,1753959649460
503,1753959649470
504,1753959649481
505,1753959649491
506,1753959649501
507,1753959649512
508,1753959649522
509,1753959649532
510,1753959649542
511,1753959649553
512,1753959649563
513,1753959649573
514,1753959649584
515,1753959649594
516,1753959649604
517,1753959649615
518,1753959649625
519,1753959649635
520,1753959649645
521,1753959649656
522,1753959649666
523,1753959649677
524,1753959649687
525,1753959649697
526,1753959649707
527,1753959649718
528,1753959649728
529,1753959649738
530,1753959649749
531,1753959649759
532,1753959649769
533,1753959649780
534,1753959649790
535,1753959649801
536,1753959649811
537,1753959649821
538,1753959649832
539,1753959649842
540,1753959649852
541,1753959649862
542,1753959649873
543,1753959649883
544,1753959649893
545,1753959649904
546,1753959649914
547,1753959649925
548,1753959649935
549,1753959649945
550,1753959649956
551,1753959649966
552,1753959649976
553,1753959649987
554,1753959649997
555,1753959650008
556,1753959650018
557,1753959650028
558,1753959650038
559,1753959650049
560,1753959650059
561,1753959650069
562,1753959650079
563,1753959650090
564,1753959650100
565,1753959650110
566,1753959650120
567,1753959650131
568,1753959650141
569,1753959650151
570,1753959650162
571,1753959650173
572,1753959650183
573,1753959650193
574,1753959650204
575,1753959650214
576,1753959650224
577,1753959650234
578,1753959650245
579,1753959650255
580,1753959650265
581,1753959650275
582,1753959650285
583,1753959650296
584,1753959650306
585,1753959650317
586,1753959650327
587,1753959650337
588,1753959650348
589,1753959650358
590,1753959650368
591,1753959650378
592,1753959650389
593,1753959650399
594,1753959650409
595,1753959650419
596,1753959650429
597,1753959650440
598,1753959650450
599,1753959650461
600,1753959650471
601,1753959650481
602,1753959650492
603,1753959650502
604,1753959650512
605,1753959650523
606,1753959650533
607,1753959650543
608,1753959650553
609,1753959650564
610,1753959650574
611,1753959650584
612,1753959650594
613,1753959650605
614,1753959650615
615,1753959650625
616,1753959650635
617,1753959650645
618,1753959650656
619,1753959650666
620,1753959650677
621,1753959650687
622,1753959650698
623,1753959650708
624,1753959650718
625,1753959650728
626,1753959650738
627,1753959650748
628,1753959650759
629,1753959650770
630,1753959650780
631,1753959650790
632,1753959650801
633,1753959650811
634,1753959650821
635,1753959650832
636,1753959650842
637,1753959650852
638,1753959650863
639,1753959650873
640,1753959650883
641,1753959650893
642,1753959650904
643,1753959650914
644,1753959650924
645,1753959650934
646,1753959650945
647,1753959650955
648,1753959650966
649,1753959650976
650,1753959650986
651,1753959650997
652,1753959651007
653,1753959651017
654,1753959651028
655,1753959651038
656,1753959651048
657,1753959651058
658,1753959651069
659,1753959651079
660,1753959651089
661,1753959651100
662,1753959651110
663,1753959651120
664,1753959651131
665,1753959651141
666,1753959651151
667,1753959651161
668,1753959651171
669,1753959651182
670,1753959651192
671,1753959651202
672,1753959651212
673,1753959651223
674,1753959651233
675,1753959651243
676,1753959651253
677,1753959651263
678,1753959651273
679,1753959651283
680,1753959651293
681,1753959651303
682,1753959651314
683,1753959651324
684,1753959651334
685,1753959651344
686,1753959651355
687,1753959651366
688,1753959651376
689,1753959651386
690,1753959651397
691,1753959651407
692,1753959651417
693,1753959651428
694,1753959651438
695,1753959651448
696,1753959651458
697,1753959651469
698,1753959651479
699,1753959651489
700,1753959651500
701,1753959651510
702,1753959651520
703,1753959651531
704,1753959651541
705,1753959651551
706,1753959651561
707,1753959651572
708,1753959651582
709,1753959651593
710,1753959651603
711,1753959651613
712,1753959651624
713,1753959651634
714,1753959651644
715,1753959651654
716,1753959651665
717,1753959651675
718,1753959651685
719,1753959651696
720,1753959651706
721,1753959651717
722,1753959651727
723,1753959651737
724,1753959651747
725,1753959651757
726,1753959651768
727,1753959651778
728,1753959651789
729,1753959651799
730,1753959651809
731,1753959651819
732,1753959651830
733,1753959651840
734,1753959651850
735,1753959651860
736,1753959651871
737,1753959651881
738,1753959651891
739,1753959651902
740,1753959651912
741,1753959651922
742,1753959651932
743,1753959651942
744,1753959651953
745,1753959651963
746,1753959651973
747,1753959651984
748,1753959651994
749,1753959652004
750,1753959652014
751,1753959652024
752,1753959652035
753,1753959652045
754,1753959652055
755,1753959652066
756,1753959652076
757,1753959652086
758,1753959652096
759,1753959652107
760,1753959652118
761,1753959652128
762,1753959652138
763,1753959652148
764,1753959652159
765,1753959652169
766,1753959652179
767,1753959652190
768,1753959652200
769,1753959652210
770,1753959652221
771,1753959652231
772,1753959652241
773,1753959652252
774,1753959652262
775,1753959652273
776,1753959652284
777,1753959652294
778,1753959652304
779,1753959652315
780,1753959652325
781,1753959652335
782,1753959652346
783,1753959652356
784,1753959652366
785,1753959652376
786,1753959652387
787,1753959652397
788,1753959652408
789,1753959652418
790,1753959652428
791,1753959652438
792,1753959652449
793,1753959652459
794,1753959652469
795,1753959652479
796,1753959652490
797,1753959652500
798,1753959652511
799,1753959652521
800,1753959652531
801,1753959652541
802,1753959652552
803,1753959652562
804,1753959652572
805,1753959652583
806,1753959652593
807,1753959652604
808,1753959652614
809,1753959652624
810,1753959652635
811,1753959652645
812,1753959652655
813,1753959652665
814,1753959652676
815,1753959652686
816,1753959652697
817,1753959652707
818,1753959652717
819,1753959652728
820,1753959652738
821,1753959652748
822,1753959652758
823,1753959652769
824,1753959652779
825,1753959652789
826,1753959652799
827,1753959652810
828,1753959652821
829,1753959652831
830,1753959652841
831,1753959652851
832,1753959652862
833,1753959652872
834,1753959652882
835,1753959652892
836,1753959652903
837,1753959652913
838,1753959652924
839,1753959652934
840,1753959652944
841,1753959652954
842,1753959652965
843,1753959652975
844,1753959652985
845,1753959652996
846,1753959653006
847,1753959653016
848,1753959653027
849,1753959653037
850,1753959653047
851,1753959653058
852,1753959653068
853,1753959653078
854,1753959653088
855,1753959653099
856,1753959653109
857,1753959653120
858,1753959653130
859,1753959653140
860,1753959653151
861,1753959653161
862,1753959653171
863,1753959653181
864,1753959653191
865,1753959653202
866,1753959653212
867,1753959653222
868,1753959653232
869,1753959653242
870,1753959653253
871,1753959653263
872,1753959653273
873,1753959653284
874,1753959653294
875,1753959653304
876,1753959653314
877,1753959653325
878,1753959653335
879,1753959653345
880,1753959653355
881,1753959653365
882,1753959653375
883,1753959653386
884,1753959653396
885,1753959653407
886,1753959653417
887,1753959653427
888,1753959653440
889,1753959653450
890,1753959653460
891,1753959653470
892,1753959653481
893,1753959653491
894,1753959653501
895,1753959653512
896,1753959653522
897,1753959653533
898,1753959653543
899,1753959653554
900,1753959653564
901,1753959653575
902,1753959653585
903,1753959653596
904,1753959653606
905,1753959653617
906,1753959653627
907,1753959653637
908,1753959653647
909,1753959653657
910,1753959653668
911,1753959653679
912,1753959653689
913,1753959653699
914,1753959653709
915,1753959653720
916,1753959653730
917,1753959653740
918,1753959653751
919,1753959653761
920,1753959653771
921,1753959653782
922,1753959653793
923,1753959653803
924,1753959653814
925,1753959653824
926,1753959653834
927,1753959653844
928,1753959653855
929,1753959653865
930,1753959653876
931,1753959653886
932,1753959653896
933,1753959653907
934,1753959653918
935,1753959653928
936,1753959653939
937,1753959653949
938,1753959653960
939,1753959653970
940,1753959653980
941,1753959653991
942,1753959654002
943,1753959654012
944,1753959654022
945,1753959654032
946,1753959654042
947,1753959654053
948,1753959654063
949,1753959654073
950,1753959654084
951,1753959654095
952,1753959654105
953,1753959654115
954,1753959654126
955,1753959654136
956,1753959654147
957,1753959654157
958,1753959654168
959,1753959654178
960,1753959654188
961,1753959654199
962,1753959654209
963,1753959654219
964,1753959654230
965,1753959654240
966,1753959654250
967,1753959654260
968,1753959654270
969,1753959654281
970,1753959654291
971,1753959654301
972,1753959654312
973,1753959654322
974,1753959654332
975,1753959654342
976,1753959654353
977,1753959654363
978,1753959654373
979,1753959654384
980,1753959654394
981,1753959654404
982,1753959654415
983,1753959654425
984,1753959654435
985,1753959654446
986,1753959654456
987,1753959654467
988,1753959654477
989,1753959654487
990,1753959654498
991,1753959654508
992,1753959654518
993,1753959654529
994,1753959654539
995,1753959654549
996,1753959654559
997,1753959654570
998,1753959654580
999,1753959654590
1000,1753959654600
1001,1753959654611
1002,1753959654621
1003,1753959654632
1004,1753959654642
1005,1753959654652
1006,1753959654662
1007,1753959654672
1008,1753959654683
1009,1753959654694
1010,1753959654705
1011,1753959654715
1012,1753959654725
1013,1753959654736
1014,1753959654746
1015,1753959654756
1016,1753959654767
1017,1753959654777
1018,1753959654787
1019,1753959654797
1020,1753959654808
1021,1753959654818
1022,1753959654828
1023,1753959654838
1024,1753959654848
1025,1753959654859
1026,1753959654869
1027,1753959654879
1028,1753959654889
1029,1753959654900
1030,1753959654910
1031,1753959654920
1032,1753959654931
1033,1753959654941
1034,1753959654951
1035,1753959654962
1036,1753959654972
1037,1753959654982
1038,1753959654993
1039,1753959655003
1040,1753959655013
1041,1753959655023
1042,1753959655034
1043,1753959655044
1044,1753959655054
1045,1753959655064
1046,1753959655075
1047,1753959655085
1048,1753959655096
1049,1753959655106
1050,1753959655116
1051,1753959655126
1052,1753959655136
1053,1753959655147
1054,1753959655157
1055,1753959655167
1056,1753959655178
1057,1753959655188
1058,1753959655198
1059,1753959655209
1060,1753959655219
1061,1753959655230
1062,1753959655240
1063,1753959655250
1064,1753959655261
1065,1753959655271
1066,1753959655281
1067,1753959655292
1068,1753959655302
1069,1753959655312
1070,1753959655323
1071,1753959655334
1072,1753959655344
1073,1753959655356
1074,1753959655366
1075,1753959655376
1076,1753959655387
1077,1753959655397
1078,1753959655407
1079,1753959655417
1080,1753959655427
1081,1753959655438
1082,1753959655448
1083,1753959655458
1084,1753959655469
1085,1753959655479
1086,1753959655489
1087,1753959655500
1088,1753959655510
1089,1753959655520
1090,1753959655530
1091,1753959655540
1092,1753959655551
1093,1753959655561
1094,1753959655571
1095,1753959655581
1096,1753959655592
1097,1753959655602
1098,1753959655612
1099,1753959655623
1100,1753959655633
1101,1753959655643
1102,1753959655653
1103,1753959655664
1104,1753959655674
1105,1753959655684
1106,1753959655694
1107,1753959655705
1108,1753959655715
1109,1753959655725
1110,1753959655736
1111,1753959655746
1112,1753959655756
1113,1753959655766
1114,1753959655777
1115,1753959655787
1116,1753959655798
1117,1753959655808
1118,1753959655819
1119,1753959655829
1120,1753959655839
1121,1753959655850
1122,1753959655860
1123,1753959655870
1124,1753959655881
1125,1753959655891
1126,1753959655901
1127,1753959655911
1128,1753959655922
1129,1753959655932
1130,1753959655942
1131,1753959655953
1132,1753959655963
1133,1753959655973
1134,1753959655983
1135,1753959655994
1136,1753959656004
1137,1753959656014
1138,1753959656024
1139,1753959656035
1140,1753959656045
